{"cameraMode":{"drawMode":0,"name":"Shaded","section":"Shading Mode"},"sceneLighting":true,"audioPlay":false,"sceneViewState":{"m_AlwaysRefresh":false,"showFog":true,"showSkybox":true,"showFlares":true,"showImageEffects":true,"showParticleSystems":true,"showVisualEffectGraphs":true,"m_FxEnabled":true},"in2DMode":false,"pivot":{"x":-2.813260793685913,"y":13.172404289245606,"z":-11.254922866821289},"rotation":{"x":-0.39429786801338198,"y":-0.0049649979919195179,"z":0.0021303026005625726,"w":-0.9189672470092773},"size":18.29827117919922,"orthographic":false}